querying,engineering,analysis,model_building,scraping,dashboarding
0.14285714285714285,0.1111111111111111,0.125,0.2857142857142857,0.16666666666666666,0.375
